Name,Rating,Reviews,Phone,Website,Email,Google Maps URL
Foreign Grill,N/A,N/A,+1 832-977-4433,https://www.foreigngrilltx.com/,"ef5d9bbac3354b759bfd7a23c3313b3f@o244637.ingest.us.sentry.io, foreigngrilltx@gmail.com",https://www.google.com/maps/place/Foreign+Grill/data=!4m7!3m6!1s0x8640bf03e68a448d:0xbcc164a530a7cf48!8m2!3d29.7661543!4d-95.3645358!16s%2Fg%2F11rjjk7_n6!19sChIJjUSK5gO_QIYRSM-nMKVkwbw?authuser=0&hl=en&rclk=1
Street Eats,N/A,N/A,+1 325-617-2538,N/A,N/A,https://www.google.com/maps/place/Street+Eats/data=!4m7!3m6!1s0x8657e5391ca24707:0x3dc63769ec15b679!8m2!3d31.4428767!4d-100.4583349!16s%2Fg%2F11hk5lc2fj!19sChIJB0eiHDnlV4YRebYV7Gk3xj0?authuser=0&hl=en&rclk=1
Taste of Texas,N/A,N/A,+1 713-932-6901,http://www.tasteoftexas.com/,user@example.com,https://www.google.com/maps/place/Taste+of+Texas/data=!4m7!3m6!1s0x8640c4b4045e4acf:0x4311785cb913d478!8m2!3d29.7828164!4d-95.5569012!16s%2Fg%2F1tmqglhh!19sChIJz0peBLTEQIYReNQTuVx4EUM?authuser=0&hl=en&rclk=1
JOEY Uptown,N/A,N/A,+1 346-646-5639,https://joeyrestaurants.com/location/joey-uptown,"accessibility@joeyrestaurants.com, juptown@joeyrestaurants.com",https://www.google.com/maps/place/JOEY+Uptown/data=!4m7!3m6!1s0x8640c17b8639c2e3:0x428d695fdbf3d835!8m2!3d29.7401723!4d-95.4629128!16s%2Fg%2F11lrs7jty9!19sChIJ48I5hnvBQIYRNdjz219pjUI?authuser=0&hl=en&rclk=1
Gilhooley's Restaurant and Oyster Bar 18+,N/A,N/A,+1 281-339-3813,https://www.gilhooleystx.com/,"ef5d9bbac3354b759bfd7a23c3313b3f@o244637.ingest.us.sentry.io, katie.gilhooleys@gmail.com",https://www.google.com/maps/place/Gilhooley%27s+Restaurant+and+Oyster+Bar+18%2B/data=!4m7!3m6!1s0x863f7ac3e3bd44df:0x512d88c6e4846d44!8m2!3d29.4943499!4d-94.9199047!16s%2Fg%2F1t_kgxm7!19sChIJ30S948N6P4YRRG2E5MaILVE?authuser=0&hl=en&rclk=1
Y.O. Ranch Steakhouse,N/A,N/A,+1 214-744-3287,https://www.yoranchsteakhouse.com/,yoranchsteakhouse.sales@gmail.com,https://www.google.com/maps/place/Y.O.+Ranch+Steakhouse/data=!4m7!3m6!1s0x864e9916272214d7:0xf9638aceca11e49e!8m2!3d32.7812903!4d-96.8064213!16s%2Fg%2F1vbnpts2!19sChIJ1xQiJxaZToYRnuQRys6KY_k?authuser=0&hl=en&rclk=1
Goode Company Armadillo Palace,N/A,N/A,+1 713-526-9700,https://thearmadillopalace.com/,,https://www.google.com/maps/place/Goode+Company+Armadillo+Palace/data=!4m7!3m6!1s0x8640c0f5b2e3c8c3:0x8a9718bd261ca2fb!8m2!3d29.7274584!4d-95.4182061!16s%2Fm%2F0k5r493!19sChIJw8jjsvXAQIYR-6IcJr0Yl4o?authuser=0&hl=en&rclk=1
Traveler's Table,N/A,N/A,+1 832-409-5785,http://www.travelerstable.com/,info@travelerstable.com,https://www.google.com/maps/place/Traveler%27s+Table/data=!4m7!3m6!1s0x8640bfe5c3fbc549:0xb81e2792cc19959c!8m2!3d29.7448089!4d-95.388309!16s%2Fg%2F11fnxtqy58!19sChIJScX7w-W_QIYRnJUZzJInHrg?authuser=0&hl=en&rclk=1
Traditional Food Restaurant,N/A,N/A,+1 713-270-7610,N/A,N/A,https://www.google.com/maps/place/Traditional+Food+Restaurant/data=!4m7!3m6!1s0x8640e8166e6726cd:0x172d6dac738f2908!8m2!3d29.6568152!4d-95.5427886!16s%2Fg%2F1tksnrms!19sChIJzSZnbhboQIYRCCmPc6xtLRc?authuser=0&hl=en&rclk=1
Fusion Grill & Bar,N/A,N/A,+1 281-717-8935,https://www.fusiongrill-tx.com/,"9a65e97ebe8141fca0c4fd686f70996b@sentry.wixpress.com, 8eb368c655b84e029ed79ad7a5c1718e@sentry.wixpress.com, e0b4d631da7b4200828051f7f9c783e3@sentry-next.wixpress.com, 605a7baede844d278b89dc95ae0a9123@sentry-next.wixpress.com, 8c4075d5481d476e945486754f783364@sentry.io",https://www.google.com/maps/place/Fusion+Grill+%26+Bar/data=!4m7!3m6!1s0x86412768274a9439:0x7f3272fa97673b71!8m2!3d29.7609178!4d-95.7509447!16s%2Fg%2F11g07y0ywt!19sChIJOZRKJ2gnQYYRcTtnl_pyMn8?authuser=0&hl=en&rclk=1
Scholz Garten,N/A,N/A,+1 512-474-1958,http://www.scholzgarten.com/,"scholzgartenevents@gmail.com, SCHOLZGARTENEVENTS@GMAIL.COM",https://www.google.com/maps/place/Scholz+Garten/data=!4m7!3m6!1s0x8644b59f35ebedc9:0xac16a0d907cc371d!8m2!3d30.2778941!4d-97.7362343!16zL20vMGZnZ3Nu!19sChIJye3rNZ-1RIYRHTfMB9mgFqw?authuser=0&hl=en&rclk=1
State Fare Kitchen & Bar,N/A,N/A,+1 713-234-1405,https://www.statefaretx.com/,,https://www.google.com/maps/place/State+Fare+Kitchen+%26+Bar/data=!4m7!3m6!1s0x8640e78eede7853d:0x3abc691546ffd8f8!8m2!3d29.5970487!4d-95.6213627!16s%2Fg%2F11h53mj8nv!19sChIJPYXn7Y7nQIYR-Nj_RhVpvDo?authuser=0&hl=en&rclk=1
Another Broken Egg Cafe,N/A,N/A,+1 512-842-4022,https://www.anotherbrokenegg.com/locations/austin-tx-mesa-drive/,press@anotherbrokenegg.com,https://www.google.com/maps/place/Another+Broken+Egg+Cafe/data=!4m7!3m6!1s0x8644cbd8ed1d93d1:0x7098649a5c7cbb02!8m2!3d30.37057!4d-97.75845!16s%2Fg%2F11ql_4mr9l!19sChIJ0ZMd7djLRIYRArt8XJpkmHA?authuser=0&hl=en&rclk=1
Pinkerton's Barbecue,N/A,N/A,+1 512-842-4022,https://www.anotherbrokenegg.com/locations/austin-tx-mesa-drive/,press@anotherbrokenegg.com,https://www.google.com/maps/place/Pinkerton%27s+Barbecue/data=!4m7!3m6!1s0x8640b8970f55dfaf:0x5dc90813516aa52c!8m2!3d29.7986886!4d-95.3814817!16s%2Fg%2F11cmts9gdc!19sChIJr99VD5e4QIYRLKVqURMIyV0?authuser=0&hl=en&rclk=1
CorkScrew BBQ,N/A,N/A,+1 281-330-2178,http://www.corkscrewbbq.com/,"13e49d785d8d4f828038b6136f3b48ba@sentry.io, corkscrewbbq@corkscrewbbq.com",https://www.google.com/maps/place/CorkScrew+BBQ/data=!4m7!3m6!1s0x8647343b013bf645:0x754cf3408e2a5335!8m2!3d30.0806962!4d-95.4199226!16s%2Fg%2F1hhh72q2l!19sChIJRfY7ATs0R4YRNVMqjkDzTHU?authuser=0&hl=en&rclk=1
Davanti Ristorante,N/A,N/A,+1 281-888-2201,http://davantiristorante.com/,info@davantiristorante.com,https://www.google.com/maps/place/Davanti+Ristorante/data=!4m7!3m6!1s0x8640c183a19c9c9d:0x3a4f75d49defa1d9!8m2!3d29.7392322!4d-95.4419214!16s%2Fg%2F11s1szc_pv!19sChIJnZycoYPBQIYR2aHvndR1Tzo?authuser=0&hl=en&rclk=1
Morocco Cafe,N/A,N/A,+1 325-869-5600,N/A,N/A,https://www.google.com/maps/place/Morocco+Cafe/data=!4m7!3m6!1s0x8659d5b756460d83:0x9745ee1a25df6e89!8m2!3d31.2165119!4d-99.8393945!16s%2Fg%2F1tlkcsx8!19sChIJgw1GVrfVWYYRiW7fJRruRZc?authuser=0&hl=en&rclk=1
Confessions,N/A,N/A,+1 281-849-7985,https://www.confessionstx.com/,,https://www.google.com/maps/place/Confessions/data=!4m7!3m6!1s0x8640c1d1fd780389:0x95a49e61c3a2ca12!8m2!3d29.7350818!4d-95.4189861!16s%2Fg%2F11ybymxd8h!19sChIJiQN4_dHBQIYREsqiw2GepJU?authuser=0&hl=en&rclk=1
Shivas Bar and Grill,N/A,N/A,+1 469-250-1429,http://www.shivasbarandgrill.com/,,https://www.google.com/maps/place/Shivas+Bar+and+Grill/data=!4m7!3m6!1s0x864e9f49da747b5f:0x96ba6450b8e9d676!8m2!3d32.7827945!4d-96.8044163!16s%2Fg%2F11b5yhvj56!19sChIJX3t02kmfToYRdtbpuFBkupY?authuser=0&hl=en&rclk=1
Hawaiian Bros Island Grill,N/A,N/A,+1 214-390-2169,https://hawaiianbros.com/,,https://www.google.com/maps/place/Hawaiian+Bros+Island+Grill/data=!4m7!3m6!1s0x864c11499a48fd59:0x2d704fd9e11b5746!8m2!3d33.1304592!4d-96.6606925!16s%2Fg%2F11rhwp3710!19sChIJWf1ImkkRTIYRRlcb4dlPcC0?authuser=0&hl=en&rclk=1
True Food Kitchen,N/A,N/A,+1 512-777-2430,https://www.truefoodkitchen.com/locations/austin/,,https://www.google.com/maps/place/True+Food+Kitchen/data=!4m7!3m6!1s0x8644b50e2ee3f607:0xddc3ee2020881bac!8m2!3d30.2670001!4d-97.7522838!16s%2Fg%2F11clfd3vs8!19sChIJB_bjLg61RIYRrBuIICDuw90?authuser=0&hl=en&rclk=1
Seasons 52,N/A,N/A,+1 210-526-6525,https://www.seasons52.com/locations/tx/san-antonio/san-antonio/4557?cmpid=br:s52_ag:ie_ch:loc_ca:S52GMB_sn:gmb_gt:san-antonio-tx-4557_pl:locurl_rd:1046,,https://www.google.com/maps/place/Seasons+52/data=!4m7!3m6!1s0x865cf5e568219cbb:0xd2fe2b96bb04790b!8m2!3d29.4939914!4d-98.4828877!16s%2Fg%2F11k9brwhqt!19sChIJu5whaOX1XIYRC3kEu5Yr_tI?authuser=0&hl=en&rclk=1
Cattleack Barbeque,N/A,N/A,+1 972-805-0999,http://cattleackbbq.com/,,https://www.google.com/maps/place/Cattleack+Barbeque/data=!4m7!3m6!1s0x864c272b1949852d:0xf86d4818ce969f08!8m2!3d32.9346139!4d-96.8362604!16s%2Fg%2F1tj33jpj!19sChIJLYVJGSsnTIYRCJ-WzhhIbfg?authuser=0&hl=en&rclk=1
Peace Bakery and Deli,N/A,N/A,+1 512-386-1152,https://peacebakerydeliaustin.com/#,"peacebakerydeli1@gmail.com, email@example.com",https://www.google.com/maps/place/Peace+Bakery+and+Deli/data=!4m7!3m6!1s0x8644c92a66d028bf:0x29b577a635ae61b2!8m2!3d30.3818034!4d-97.6872147!16s%2Fg%2F11sq307ygv!19sChIJvyjQZirJRIYRsmGuNaZ3tSk?authuser=0&hl=en&rclk=1
Fareground Austin,N/A,N/A,+1 512-465-2107,https://www.faregroundaustin.com/,"hello@faregroundaustin.com, user@domain.com, Jabs-Logo2025-Badge@2x.png",https://www.google.com/maps/place/Fareground+Austin/data=!4m7!3m6!1s0x8644b507c51a5043:0x9767a84e660928a0!8m2!3d30.2635186!4d-97.74358!16s%2Fg%2F11c5442_np!19sChIJQ1AaxQe1RIYRoCgJZk6oZ5c?authuser=0&hl=en&rclk=1
"Rock N Grill Authentic Indian Cuisine & Bar in Austin - Round Rock, TX",N/A,N/A,+1 512-660-5373,https://www.rockngrillusa.com/,,"https://www.google.com/maps/place/Rock+N+Grill+Authentic+Indian+Cuisine+%26+Bar+in+Austin+-+Round+Rock,+TX/data=!4m7!3m6!1s0x8644d10062cf037d:0xf0242d7930a2c0f!8m2!3d30.523286!4d-97.686238!16s%2Fg%2F11fj4v9z3_!19sChIJfQPPYgDRRIYRDywKk9dCAg8?authuser=0&hl=en&rclk=1"
Truluck's,N/A,N/A,+1 713-783-7270,https://trulucks.com/locations/houston-texas/,houstonevents@trulucks.com,https://www.google.com/maps/place/Truluck%27s/data=!4m7!3m6!1s0x8640c165d4eafb4b:0x73c73884e5ff6168!8m2!3d29.7402!4d-95.4700086!16s%2Fg%2F1td0gx15!19sChIJS_vq1GXBQIYRaGH_5YQ4x3M?authuser=0&hl=en&rclk=1
Lonesome Dove Austin,N/A,N/A,+1 512-368-2821,http://www.lonesomedoveaustin.com/,"lonesomedoveaustin-events@cheftimlove.com, events@cheftimlove.com",https://www.google.com/maps/place/Lonesome+Dove+Austin/data=!4m7!3m6!1s0x8644b509aa9776f3:0xc98eeb65a71639a7!8m2!3d30.268263!4d-97.7440193!16s%2Fg%2F11b7hynp8y!19sChIJ83aXqgm1RIYRpzkWp2Xrjsk?authuser=0&hl=en&rclk=1
P Thai's Khao Man Gai & Noodles,N/A,N/A,+1 512-387-1852,https://p-thai.com/,"egnipont@gmail.com, love@p-thai.com",https://www.google.com/maps/place/P+Thai%27s+Khao+Man+Gai+%26+Noodles/data=!4m7!3m6!1s0x8644cb2ec21fdbd9:0xcddfca8348f4551e!8m2!3d30.3087135!4d-97.7153532!16s%2Fg%2F11ss50m51q!19sChIJ2dsfwi7LRIYRHlX0SIPK380?authuser=0&hl=en&rclk=1
"DeVivo's Eatery-Italian kitchen, Pizzeria & Bakery",N/A,N/A,+1 817-431-6890,https://devivobroseatery.com/,"devivobros.eatery@gmail.com, email@example.com","https://www.google.com/maps/place/DeVivo%27s+Eatery-Italian+kitchen,+Pizzeria+%26+Bakery/data=!4m7!3m6!1s0x864dd77a990e053b:0x6f2dd9fefc098bd8!8m2!3d32.9236031!4d-97.2548527!16s%2Fg%2F12hmnb5wc!19sChIJOwUOmXrXTYYR2IsJ_P7ZLW8?authuser=0&hl=en&rclk=1"
Battalion,N/A,N/A,+1 210-816-0088,http://www.battalionsa.com/,user@domain.com,https://www.google.com/maps/place/Battalion/data=!4m7!3m6!1s0x865c58a916dd5581:0x5bf00f6a25d7c2bd!8m2!3d29.4177677!4d-98.4881123!16s%2Fg%2F11g6ph0_7l!19sChIJgVXdFqlYXIYRvcLXJWoP8Fs?authuser=0&hl=en&rclk=1
Enchiladas Ole' Magnolia,N/A,N/A,+1 817-751-5556,https://www.enchiladasole.com/,"user@domain.com, catering@enchiladasole.com",https://www.google.com/maps/place/Enchiladas+Ole%27+Magnolia/data=!4m7!3m6!1s0x864e76d552495333:0x6357b03e1402bcff!8m2!3d32.730792!4d-97.3381954!16s%2Fg%2F12hnlnzdw!19sChIJM1NJUtV2ToYR_7wCFD6wV2M?authuser=0&hl=en&rclk=1
SCOOTS SMASHED BURGERS,N/A,N/A,+1 940-309-8811,N/A,N/A,https://www.google.com/maps/place/SCOOTS+SMASHED+BURGERS/data=!4m7!3m6!1s0x87ab29da772fc3d7:0xe7fd656293608709!8m2!3d34.2911904!4d-99.7515542!16s%2Fg%2F11rknkkbr9!19sChIJ18Mvd9opq4cRCYdgk2Jl_ec?authuser=0&hl=en&rclk=1
City Hall Bistro,N/A,N/A,+1 214-651-3686,https://www.adolphus.com/restaurants-bars/city-hall-bistro?utm_source=google-gbp&utm_medium=organic&utm_campaign=gbp,"hello@adolphus.com, cityhallinfo@cityhallbistro.com",https://www.google.com/maps/place/City+Hall+Bistro/data=!4m7!3m6!1s0x864e9918f094566f:0x5a6baae20809e480!8m2!3d32.7800895!4d-96.7995746!16s%2Fg%2F11g8p3qzbk!19sChIJb1aU8BiZToYRgOQJCOKqa1o?authuser=0&hl=en&rclk=1
Al Baghdady bakery and cafe,N/A,N/A,+1 469-547-2042,https://al-baghdady.com/,info@al-baghdady.com,https://www.google.com/maps/place/Al+Baghdady+bakery+and+cafe/data=!4m7!3m6!1s0x864c1f74848f5269:0xed272a55bc755b4c!8m2!3d32.9517975!4d-96.7294759!16s%2Fg%2F1pyqr73_t!19sChIJaVKPhHQfTIYRTFt1vFUqJ-0?authuser=0&hl=en&rclk=1
La Fogata Mexican Cuisine,N/A,N/A,+1 210-340-1337,http://www.lafogata.com/,,https://www.google.com/maps/place/La+Fogata+Mexican+Cuisine/data=!4m7!3m6!1s0x865c5e36ea75936b:0x197ef35964f5ce48!8m2!3d29.4959147!4d-98.5352398!16s%2Fg%2F11b76h78n0!19sChIJa5N16jZeXIYRSM71ZFnzfhk?authuser=0&hl=en&rclk=1
Kiin Di,N/A,N/A,+1 512-243-6699,https://order.toasttab.com/online/kiindiatx,,https://www.google.com/maps/place/Kiin+Di/data=!4m7!3m6!1s0x8644b53322582347:0x5199a8e57d58bfc1!8m2!3d30.247261!4d-97.7775395!16s%2Fg%2F11qg7sfvx0!19sChIJRyNYIjO1RIYRwb9YfeWomVE?authuser=0&hl=en&rclk=1
TLC Austin,N/A,N/A,+1 512-580-0971,http://www.tlcaustin.com/,,https://www.google.com/maps/place/TLC+Austin/data=!4m7!3m6!1s0x8644b51f67aab5cf:0xfe57fd7f8f14316!8m2!3d30.2557699!4d-97.7630594!16s%2Fg%2F11f03wwpy4!19sChIJz7WqZx-1RIYRFkPx-Nd_5Q8?authuser=0&hl=en&rclk=1
Esparza's Restaurante Mexicano,N/A,N/A,+1 817-481-4668,https://www.esparzastexas.com/,esparzastexmex@verizon.net,https://www.google.com/maps/place/Esparza%27s+Restaurante+Mexicano/data=!4m7!3m6!1s0x864c2b3b7830717d:0x81c902f2a17f5cb!8m2!3d32.9375042!4d-97.0773133!16s%2Fg%2F1tg9hz81!19sChIJfXEweDsrTIYRy_UXKi-QHAg?authuser=0&hl=en&rclk=1
Texas de Brazil - San Antonio,N/A,N/A,+1 210-255-2775,https://texasdebrazil.com/locations/san-antonio/?utm_source=gmb&utm_medium=yext&y_source=1_NDg4MzA3NDgtNzE1LWxvY2F0aW9uLndlYnNpdGU%3D,"example@texasdebrazil.com, about-offwhite-bg@2x.png",https://www.google.com/maps/place/Texas+de+Brazil+-+San+Antonio/data=!4m7!3m6!1s0x865c5f54a35efc59:0x89a6e1167b1762b7!8m2!3d29.4266445!4d-98.4891792!16s%2Fg%2F1tqpzp0l!19sChIJWfxeo1RfXIYRt2IXexbhpok?authuser=0&hl=en&rclk=1
Picone,N/A,N/A,+1 940-514-1214,https://piconedenton.net/?utm_source=google,,https://www.google.com/maps/place/Picone/data=!4m7!3m6!1s0x864dcbf7df6c7fa1:0x8ada00f0254d56bf!8m2!3d33.208044!4d-97.1340686!16s%2Fg%2F11k55688kf!19sChIJoX9s3_fLTYYRv1ZNJfAA2oo?authuser=0&hl=en&rclk=1
Thailicious,N/A,N/A,+1 817-737-8111,https://www.lovethailicious.com/,lovethailicious@gmail.com,https://www.google.com/maps/place/Thailicious/data=!4m7!3m6!1s0x864e73ac02abac6f:0xc8ba3e049cddb890!8m2!3d32.732142!4d-97.3887383!16s%2Fg%2F119w7_83x!19sChIJb6yrAqxzToYRkLjdnAQ-usg?authuser=0&hl=en&rclk=1
Piranha Killer Ramen,N/A,N/A,+1 682-410-0504,http://www.piranhakillerramen.com/,,https://www.google.com/maps/place/Piranha+Killer+Ramen/data=!4m7!3m6!1s0x864e62b9532c8e21:0xa84707e43e8a10d9!8m2!3d32.680715!4d-97.107068!16s%2Fg%2F1vpfjys8!19sChIJIY4sU7liToYR2RCKPuQHR6g?authuser=0&hl=en&rclk=1
Ebisu Japanese Restaurant,N/A,N/A,+1 512-243-5554,http://www.austinebisu.com/,"Ebisuaustin@Gmail.com, email@example.com",https://www.google.com/maps/place/Ebisu+Japanese+Restaurant/data=!4m7!3m6!1s0x865b33d75715d097:0xd241b92386997047!8m2!3d30.444882!4d-97.788963!16s%2Fg%2F11fmbkvymf!19sChIJl9AVV9czW4YRR3CZhiO5QdI?authuser=0&hl=en&rclk=1
Eddie V's Prime Seafood,N/A,N/A,+1 210-493-1600,https://www.eddiev.com/locations/tx/san-antonio/san-antonio/8505?cmpid=br:ev_ag:ie_ch:loc_ca:EVGMB_sn:gmb_gt:san-antonio-tx-8505_pl:locurl_rd:1004,,https://www.google.com/maps/place/Eddie+V%27s+Prime+Seafood/data=!4m7!3m6!1s0x865c6229d8b553a5:0x8d92b030bb232815!8m2!3d29.607733!4d-98.520898!16s%2Fg%2F1v3dsk3h!19sChIJpVO12CliXIYRFSgjuzCwko0?authuser=0&hl=en&rclk=1
Pluckers Wing Bar,N/A,N/A,+1 817-784-2473,https://www.pluckers.com/location/arlington,stishgart@pluckers.net,https://www.google.com/maps/place/Pluckers+Wing+Bar/data=!4m7!3m6!1s0x864e62bc82e8885f:0x1607ecfec16bac64!8m2!3d32.6796748!4d-97.1060318!16s%2Fg%2F1tgmwpv2!19sChIJX4jogrxiToYRZKxrwf7sBxY?authuser=0&hl=en&rclk=1
The River's Edge Cafe & Patio Bar,N/A,N/A,+1 210-270-0786,http://theriversedgesa.com/?y_source=1_MTU0MDUzMDUtNzE1LWxvY2F0aW9uLndlYnNpdGU%3D,info@theriversedgesa.com,https://www.google.com/maps/place/The+River%27s+Edge+Cafe+%26+Patio+Bar/data=!4m7!3m6!1s0x865c58ab087f8dfd:0x4d721d34cedb2693!8m2!3d29.422681!4d-98.4878397!16s%2Fg%2F1hhwhsf_7!19sChIJ_Y1_CKtYXIYRkybbzjQdck0?authuser=0&hl=en&rclk=1
Twin Peaks,N/A,N/A,+1 210-236-5437,https://twinpeaksrestaurant.com/locations/de-zevala-tx,user@domain.com,https://www.google.com/maps/place/Twin+Peaks/data=!4m7!3m6!1s0x865c66de784d0995:0x1cc59d3d9b49d55!8m2!3d29.5625498!4d-98.5919679!16s%2Fg%2F1ttph9m2!19sChIJlQlNeN5mXIYRVZ202dNZzAE?authuser=0&hl=en&rclk=1
Alta Mar,N/A,N/A,+1 210-600-4433,N/A,N/A,https://www.google.com/maps/place/Alta+Mar/data=!4m7!3m6!1s0x865c696ed4fd3a81:0x1993a83d22d9eed4!8m2!3d29.5153178!4d-98.696113!16s%2Fg%2F11sq5993dq!19sChIJgTr91G5pXIYR1O7ZIj2okxk?authuser=0&hl=en&rclk=1
Carrabba's Italian Grill,N/A,N/A,+1 972-732-7752,https://locations.carrabbas.com/texas/dallas/17548-dallas-pkwy?y_source=1_MTU1MDMwNjUtNzE1LWxvY2F0aW9uLndlYnNpdGU=,,https://www.google.com/maps/place/Carrabba%27s+Italian+Grill/data=!4m7!3m6!1s0x864c23fbb8a1220f:0x3437e8aa72443e77!8m2!3d32.9898778!4d-96.8280237!16s%2Fg%2F1vgw90bf!19sChIJDyKhuPsjTIYRdz5EcqroNzQ?authuser=0&hl=en&rclk=1
Dallas Hanbat,N/A,N/A,+1 972-484-2002,http://dallashanbat.com/,,https://www.google.com/maps/place/Dallas+Hanbat/data=!4m7!3m6!1s0x864c27f3a15b8fbf:0xb4474a9756a7306c!8m2!3d32.8959407!4d-96.9024047!16s%2Fg%2F1tcvztvh!19sChIJv49bofMnTIYRbDCnVpdKR7Q?authuser=0&hl=en&rclk=1
Bayleaf Indian Restaurant & Bar,N/A,N/A,+1 512-547-3200,http://www.bayleafaustin.com/,bayleafaustin@gmail.com,https://www.google.com/maps/place/Bayleaf+Indian+Restaurant+%26+Bar/data=!4m7!3m6!1s0x8644cfc50555278d:0x8f311f184a7c81c5!8m2!3d30.480748!4d-97.661378!16s%2Fg%2F11sfgq3l9y!19sChIJjSdVBcXPRIYRxYF8ShgfMY8?authuser=0&hl=en&rclk=1
Tejas Rodeo Company,N/A,N/A,+1 830-980-2226,https://www.tejasrodeo.com/,,https://www.google.com/maps/place/Tejas+Rodeo+Company/data=!4m7!3m6!1s0x865c7d7b5223beb7:0xb4ec227f9ca65ab4!8m2!3d29.7379932!4d-98.491333!16s%2Fg%2F1tmbwjxp!19sChIJt74jUnt9XIYRtFqmnH8i7LQ?authuser=0&hl=en&rclk=1
Burger Bar Cafe,N/A,N/A,+1 325-247-4660,https://www.burgerbarcafe.com/,"info@burgerbarcafe.com, ef5d9bbac3354b759bfd7a23c3313b3f@o244637.ingest.us.sentry.io",https://www.google.com/maps/place/Burger+Bar+Cafe/data=!4m7!3m6!1s0x865a4fc5c591e63d:0xbebe7a310fefd8fe!8m2!3d30.7570902!4d-98.6753692!16s%2Fg%2F1tj80d2z!19sChIJPeaRxcVPWoYR_tjvDzF6vr4?authuser=0&hl=en&rclk=1
Kyushu Hibachi Steakhouse and Sushi,N/A,N/A,+1 817-232-8777,http://www.kyushuhibachi.com/,,https://www.google.com/maps/place/Kyushu+Hibachi+Steakhouse+and+Sushi/data=!4m7!3m6!1s0x864dd938efe9548f:0x9ce2e2461cfa02f9!8m2!3d32.9026606!4d-97.3235561!16s%2Fg%2F11gr3q7hkb!19sChIJj1Tp7zjZTYYR-QL6HEbi4pw?authuser=0&hl=en&rclk=1
Asia Cafe,N/A,N/A,+1 512-331-5788,http://www.asiacafetx.com/,,https://www.google.com/maps/place/Asia+Cafe/data=!4m7!3m6!1s0x8644ccd85ff438f3:0xe19a5b19f0c00384!8m2!3d30.4325!4d-97.7713889!16s%2Fg%2F1vn18y3c!19sChIJ8zj0X9jMRIYRhAPA8BlbmuE?authuser=0&hl=en&rclk=1
Paparazzi Pizza,N/A,N/A,+1 972-820-8686,http://www.paparazzi-pizza.com/,,https://www.google.com/maps/place/Paparazzi+Pizza/data=!4m7!3m6!1s0x864c26773afb2c07:0x7eced0ef45e8c806!8m2!3d32.9743448!4d-96.890552!16s%2Fg%2F1tc_fnsv!19sChIJByz7OncmTIYRBsjoRe_Qzn4?authuser=0&hl=en&rclk=1
DeSano Pizzeria Napoletana,N/A,N/A,+1 512-323-2426,http://www.desanopizza.com/,,https://www.google.com/maps/place/DeSano+Pizzeria+Napoletana/data=!4m7!3m6!1s0x8644cbbacb5f13b9:0xcc6571f24d0e328e!8m2!3d30.3586091!4d-97.7307362!16s%2Fg%2F11c0xntprc!19sChIJuRNfy7rLRIYRjjIOTfJxZcw?authuser=0&hl=en&rclk=1
Circle G Restaurant,N/A,N/A,+1 830-484-2334,https://circleg.top/,black9@qq.com,https://www.google.com/maps/place/Circle+G+Restaurant/data=!4m7!3m6!1s0x865d23c58f86743f:0x4821abdeb3740df4!8m2!3d29.0739767!4d-98.0854203!16s%2Fg%2F1tf2sn6s!19sChIJP3SGj8UjXYYR9A10s96rIUg?authuser=0&hl=en&rclk=1
Eurasia Sushi Bar & Seafood,N/A,N/A,+1 512-382-0968,https://eurasiasushibar.com/,"topeurasia@gmail.com, email@example.com",https://www.google.com/maps/place/Eurasia+Sushi+Bar+%26+Seafood/data=!4m7!3m6!1s0x865b497ca05f5d09:0x840e2ebe06f6bf77!8m2!3d30.2346974!4d-97.8781955!16s%2Fg%2F11g6mc1yv6!19sChIJCV1foHxJW4YRd7_2Br4uDoQ?authuser=0&hl=en&rclk=1
Thai Esan,N/A,N/A,+1 512-993-5888,https://www.thaiesanaustin.com/,e081c35a018348d18e09ed427bf39b65@o462166.ingest.sentry.io,https://www.google.com/maps/place/Thai+Esan/data=!4m7!3m6!1s0x865b4b06652276cf:0x988c9c14505fa524!8m2!3d30.2069539!4d-97.8353175!16s%2Fg%2F11f631wmm2!19sChIJz3YiZQZLW4YRJKVfUBScjJg?authuser=0&hl=en&rclk=1
Sushi by Scratch Restaurants: Cedar Creek,N/A,N/A,+1 512-360-8601,https://www.exploretock.com/sushibyscratchrestaurants,,https://www.google.com/maps/place/Sushi+by+Scratch+Restaurants:+Cedar+Creek/data=!4m7!3m6!1s0x8644bdfe1bf4b829:0xa68f2a76f69be3a!8m2!3d30.1644151!4d-97.4447056!16s%2Fg%2F11sqdy613y!19sChIJKbj0G_69RIYROr5pb6fyaAo?authuser=0&hl=en&rclk=1
Shri Foods,N/A,N/A,+1 817-382-2348,https://shrifoods4u.com/,Shrifoods4u@gmail.com,https://www.google.com/maps/place/Shri+Foods/data=!4m7!3m6!1s0x864dd957c49015c7:0x55a29e0c8c3c8a62!8m2!3d32.9391437!4d-97.2675813!16s%2Fg%2F11t4bmhyjt!19sChIJxxWQxFfZTYYRYoo8jAyeolU?authuser=0&hl=en&rclk=1
Mango Thai Cuisine (Since 1999),N/A,N/A,+1 469-666-4244,http://mangoplano.com/,"8eb368c655b84e029ed79ad7a5c1718e@sentry.wixpress.com, 605a7baede844d278b89dc95ae0a9123@sentry-next.wixpress.com",https://www.google.com/maps/place/Mango+Thai+Cuisine+%28Since+1999%29/data=!4m7!3m6!1s0x864c2255b1cb6bf7:0x2ceae15234a46ba2!8m2!3d33.027456!4d-96.788893!16s%2Fg%2F1ths9rt8!19sChIJ92vLsVUiTIYRomukNFLh6iw?authuser=0&hl=en&rclk=1
Desi District,N/A,N/A,+1 972-913-4730,https://www.desidistrict.com/,,https://www.google.com/maps/place/Desi+District/data=!4m7!3m6!1s0x864c2819da9a8fcf:0x569eeca127db101!8m2!3d32.8972913!4d-96.9395781!16s%2Fg%2F11f03mmt7j!19sChIJz4-a2hkoTIYRAbF9EsruaQU?authuser=0&hl=en&rclk=1
"Bankersmith, Texas",N/A,N/A,+1 830-990-5800,http://www.bankersmithtexas.com/,info@blackstonetexas.com,"https://www.google.com/maps/place/Bankersmith,+Texas/data=!4m7!3m6!1s0x865b94a0a5eac99d:0xa856a3a27f31bbbd!8m2!3d30.1396241!4d-98.819113!16s%2Fg%2F1ym82s9l1!19sChIJncnqpaCUW4YRvbsxf6KjVqg?authuser=0&hl=en&rclk=1"
Ahoyama,N/A,N/A,+1 817-656-7997,http://ahoyama.com/,,https://www.google.com/maps/place/Ahoyama/data=!4m7!3m6!1s0x864e7f513287e815:0x3be5be51d72908f0!8m2!3d32.8689804!4d-97.1707458!16s%2Fg%2F1wg5ydrc!19sChIJFeiHMlF_ToYR8Agp11G-5Ts?authuser=0&hl=en&rclk=1
Cowpokes Bar-B-Q,N/A,N/A,+1 830-334-8000,N/A,N/A,https://www.google.com/maps/place/Cowpokes+Bar-B-Q/data=!4m7!3m6!1s0x865dd98dbc6386d7:0xf47a5eaf711a49d9!8m2!3d28.8975398!4d-99.1130976!16s%2Fg%2F1w112m45!19sChIJ14ZjvI3ZXYYR2Ukaca9eevQ?authuser=0&hl=en&rclk=1
Little Lilly Sushi,N/A,N/A,+1 817-989-8886,http://www.littlelillysushi.com/,"littlelillysushi@gmail.com, user@domain.com, littlelillysushi2@gmail.com",https://www.google.com/maps/place/Little+Lilly+Sushi/data=!4m7!3m6!1s0x864e731f408002df:0xa275a85fa5cd4947!8m2!3d32.7291555!4d-97.4154435!16s%2Fg%2F1hhj619kn!19sChIJ3wKAQB9zToYRR0nNpV-odaI?authuser=0&hl=en&rclk=1
Moroccan Bites Tajine,N/A,N/A,+1 210-706-9700,http://moroccanbitestagine.com/,,https://www.google.com/maps/place/Moroccan+Bites+Tajine/data=!4m7!3m6!1s0x865c5d95c5497c29:0x22abe097337e4354!8m2!3d29.4888852!4d-98.5988044!16s%2Fg%2F1wzt2t0b!19sChIJKXxJxZVdXIYRVEN-M5fgqyI?authuser=0&hl=en&rclk=1
Bombay Street Food,N/A,N/A,+1 737-333-2425,https://bombaystreetfoodtx.com/,,https://www.google.com/maps/place/Bombay+Street+Food/data=!4m7!3m6!1s0x865b338e027e95d3:0xb9782c9aa9a01cd0!8m2!3d30.4619631!4d-97.7934424!16s%2Fg%2F11k7w14sbx!19sChIJ05V-Ao4zW4YR0BygqZoseLk?authuser=0&hl=en&rclk=1
Unique Africa Restaurant,N/A,N/A,N/A,N/A,N/A,https://www.google.com/maps/place/Unique+Africa+Restaurant/data=!4m7!3m6!1s0x8640e84f7137ffc7:0x4cde19055fc7e35f!8m2!3d29.6423809!4d-95.5295936!16s%2Fg%2F11h5ndqvyx!19sChIJx_83cU_oQIYRX-PHXwUZ3kw?authuser=0&hl=en&rclk=1
Elsewhere Garden Bar & Kitchen,N/A,N/A,+1 210-201-5595,http://www.elsewheretexas.com/,,https://www.google.com/maps/place/Elsewhere+Garden+Bar+%26+Kitchen/data=!4m7!3m6!1s0x865cf58ce8f088e9:0xf5cf102d1f662829!8m2!3d29.4362751!4d-98.480581!16s%2Fg%2F11fsq0ynt0!19sChIJ6Yjw6Iz1XIYRKShmHy0Qz_U?authuser=0&hl=en&rclk=1
Te Deseo,N/A,N/A,+1 214-646-1314,https://www.tedeseo.com/,,https://www.google.com/maps/place/Te+Deseo/data=!4m7!3m6!1s0x864e9900996ba225:0x4dc8071140d4c9f2!8m2!3d32.7907445!4d-96.8073774!16s%2Fg%2F11h6d2gwcs!19sChIJJaJrmQCZToYR8snUQBEHyE0?authuser=0&hl=en&rclk=1
Billy Bob's Texas,N/A,N/A,+1 817-624-7117,https://billybobstexas.com/,info@billybobstexas.com,https://www.google.com/maps/place/Billy+Bob%27s+Texas/data=!4m7!3m6!1s0x864e76a6b51cc389:0x325b06118fe2753b!8m2!3d32.791326!4d-97.34743!16zL20vMDZzZ2t4!19sChIJicMctaZ2ToYRO3XijxEGWzI?authuser=0&hl=en&rclk=1
"Leon Springs BBQ - ""The Original Rudy's""",N/A,N/A,+1 210-653-7839,http://www.leonspringsbbq.com/,"user@domain.com, GSC@leonspringsbbq.com",https://www.google.com/maps/place/Leon+Springs+BBQ+-+%22The+Original+Rudy%27s%22/data=!4m7!3m6!1s0x865c42e37caebdad:0xf04749e35aa0f96c!8m2!3d29.6661763!4d-98.629332!16s%2Fg%2F1tj2j9p1!19sChIJrb2ufONCXIYRbPmgWuNJR_A?authuser=0&hl=en&rclk=1
Dave & Buster's Balcones Heights,N/A,N/A,+1 210-515-1515,https://www.daveandbusters.com/us/en/about/locations/san-antonio-balcones-heights,,https://www.google.com/maps/place/Dave+%26+Buster%27s+Balcones+Heights/data=!4m7!3m6!1s0x865c5e15fd4c4593:0xf866a3199db479f0!8m2!3d29.4963528!4d-98.5503303!16s%2Fg%2F1thghg0x!19sChIJk0VM_RVeXIYR8Hm0nRmjZvg?authuser=0&hl=en&rclk=1
Los Gallos Taco House,N/A,N/A,+1 830-643-0093,http://www.losgallostacohouse.com/,,https://www.google.com/maps/place/Los+Gallos+Taco+House/data=!4m7!3m6!1s0x865cbd352cf7d1af:0xf12979bdc7e46dc8!8m2!3d29.7214059!4d-98.103834!16s%2Fg%2F1tf02xgq!19sChIJr9H3LDW9XIYRyG3kx715KfE?authuser=0&hl=en&rclk=1
Texas Roadhouse,N/A,N/A,+1 972-495-0417,https://www.texasroadhouse.com/locations/texas/garland?utm_source=listing&utm_medium=search,,https://www.google.com/maps/place/Texas+Roadhouse/data=!4m7!3m6!1s0x864c1c442623b393:0xe84b315dd7faf07e!8m2!3d32.9632202!4d-96.6367052!16s%2Fg%2F1x5fbrx0!19sChIJk7MjJkQcTIYRfvD6110xS-g?authuser=0&hl=en&rclk=1
Cracker Barrel Old Country Store,N/A,N/A,+1 210-521-8940,https://www.crackerbarrel.com/Locations/States/tx/san-antonio/576/?utm_source=google&utm_medium=maps&utm_campaign=crackerbarrelurl,catering@crackerbarrel.com,https://www.google.com/maps/place/Cracker+Barrel+Old+Country+Store/data=!4m7!3m6!1s0x865c5cb8eaff9f59:0xb1cfca3101d96e19!8m2!3d29.4367095!4d-98.6452345!16s%2Fg%2F1hg4zy0j3!19sChIJWZ__6rhcXIYRGW7ZATHKz7E?authuser=0&hl=en&rclk=1
Jefe's Mexican Restaurant,N/A,N/A,+1 940-696-9500,http://jefesrestaurants.com/,contact@sansoxygen.com,https://www.google.com/maps/place/Jefe%27s+Mexican+Restaurant/data=!4m7!3m6!1s0x865321e2e77dc783:0xaaad1e3b9c92d253!8m2!3d33.8574145!4d-98.5603721!16s%2Fg%2F1td33gf6!19sChIJg8d95-IhU4YRU9KSnDserao?authuser=0&hl=en&rclk=1
Yummy Thai Coppell Best Authentic Thai Food Restaurant TX,N/A,N/A,+1 972-304-0004,https://www.coppellyummythai.com/,,https://www.google.com/maps/place/Yummy+Thai+Coppell+Best+Authentic+Thai+Food+Restaurant+TX/data=!4m7!3m6!1s0x864c299d28cec67f:0x3abcd7b04d7769ff!8m2!3d32.9256062!4d-96.9955868!16s%2Fg%2F11q_hks505!19sChIJf8bOKJ0pTIYR_2l3TbDXvDo?authuser=0&hl=en&rclk=1
Raising Cane's Chicken Fingers,N/A,N/A,+1 512-474-2751,https://locations.raisingcanes.com/tx/austin/415-west-martin-luther-king-blvd,"5530cf44-4c70-477e-adab-9a704375bc51_news@2x.png, 6d64f16d-4a07-40c4-8bcd-325dce0ab7c9_caniac-club@2x.png, 213f8bb2-8d06-464f-8599-a37b6d5e8c54_contact-us@2x.png",https://www.google.com/maps/place/Raising+Cane%27s+Chicken+Fingers/data=!4m7!3m6!1s0x8644b575e2e94981:0x7547ba54694ab4dc!8m2!3d30.2814818!4d-97.7425041!16s%2Fg%2F1q64fh0yt!19sChIJgUnp4nW1RIYR3LRKaVS6R3U?authuser=0&hl=en&rclk=1
Honest Vegetarian Indian Restaurant,N/A,N/A,+1 972-707-0000,http://www.honestirving.com/,,https://www.google.com/maps/place/Honest+Vegetarian+Indian+Restaurant/data=!4m7!3m6!1s0x864c29a542a3dd17:0xe373f8ff1a05c6a9!8m2!3d32.9197204!4d-96.9641221!16s%2Fg%2F11m1gvmrjk!19sChIJF92jQqUpTIYRqcYFGv_4c-M?authuser=0&hl=en&rclk=1
Blackfriar Pub,N/A,N/A,+1 214-953-0599,https://www.blackfriarpub.com/,,https://www.google.com/maps/place/Blackfriar+Pub/data=!4m7!3m6!1s0x864e992e400d2795:0x735affd61f62c26b!8m2!3d32.7972648!4d-96.8018618!16s%2Fg%2F1t_wprzg!19sChIJlScNQC6ZToYRa8JiH9b_WnM?authuser=0&hl=en&rclk=1
Himalaya Kosheli Nepali & Indian,N/A,N/A,+1 512-582-0157,https://www.himalayakosheli.com/,"9a65e97ebe8141fca0c4fd686f70996b@sentry.wixpress.com, c5095236fd2e4b8fae9ed6d73cdd81a3@sentry.wixpress.com, 7025fe2ce4ed466a9751d9607bc63a44@sentry.wixpress.com, e0b4d631da7b4200828051f7f9c783e3@sentry-next.wixpress.com, 605a7baede844d278b89dc95ae0a9123@sentry-next.wixpress.com, 8c4075d5481d476e945486754f783364@sentry.io, himalayakosheli@gmail.com, 0c52cb89aa4d4154857a1584b6701db6@sentry.wixpress.com",https://www.google.com/maps/place/Himalaya+Kosheli+Nepali+%26+Indian/data=!4m7!3m6!1s0x8644cb8af85e135d:0xba329bb96210ea0e!8m2!3d30.4327965!4d-97.7698634!16s%2Fg%2F11fct3wvcr!19sChIJXRNe-IrLRIYRDuoQYrmbMro?authuser=0&hl=en&rclk=1
Tuzantla Taqueria,N/A,N/A,+1 512-350-5823,N/A,N/A,https://www.google.com/maps/place/Tuzantla+Taqueria/data=!4m7!3m6!1s0x8644cbc14f9e487b:0xc0de4405a75967c0!8m2!3d30.3642565!4d-97.7154709!16s%2Fg%2F11f127v0xj!19sChIJe0ieT8HLRIYRwGdZpwVE3sA?authuser=0&hl=en&rclk=1
Ramen Tatsu-Ya,N/A,N/A,+1 512-350-5823,N/A,N/A,https://www.google.com/maps/place/Ramen+Tatsu-Ya/data=!4m7!3m6!1s0x8644b3f7aa76e381:0x82332460051c18bf!8m2!3d30.1717151!4d-97.7850864!16s%2Fg%2F11s614ccsg!19sChIJgeN2qvezRIYRvxgcBWAkM4I?authuser=0&hl=en&rclk=1
Denny's Restaurant,N/A,N/A,+1 210-223-4321,https://locations.dennys.com/TX/SAN-ANTONIO/201516?utm_source=G&utm_medium=organic&utm_campaign=DAC,,https://www.google.com/maps/place/Denny%27s+Restaurant/data=!4m7!3m6!1s0x865cf601cc8685b9:0xa894a7fee65a7898!8m2!3d29.4231264!4d-98.4829038!16s%2Fg%2F1tfn34w8!19sChIJuYWGzAH2XIYRmHha5v6nlKg?authuser=0&hl=en&rclk=1
Chick-fil-A,N/A,N/A,+1 210-223-4321,https://locations.dennys.com/TX/SAN-ANTONIO/201516?utm_source=G&utm_medium=organic&utm_campaign=DAC,,https://www.google.com/maps/place/Chick-fil-A/data=!4m7!3m6!1s0x8657e59995555555:0xa83492fa1714526c!8m2!3d31.4409699!4d-100.4662186!16s%2Fg%2F1tgcmq6c!19sChIJVVVVlZnlV4YRbFIUF_qSNKg?authuser=0&hl=en&rclk=1
Central Market,N/A,N/A,+1 325-944-1888,https://www.chick-fil-a.com/locations/tx/angelo-state-university?utm_source=yext&utm_medium=link,,https://www.google.com/maps/place/Central+Market/data=!4m7!3m6!1s0x8644ca7d7a2a6d0d:0x209a4c2782a39461!8m2!3d30.3076098!4d-97.7398761!16s%2Fg%2F12xpmqk9y!19sChIJDW0qen3KRIYRYZSjgidMmiA?authuser=0&hl=en&rclk=1
Silver City Cabaret,N/A,(483),+1 512-206-1000,https://www.centralmarket.com/locations/austin-north-lamar?utm_source=google&utm_medium=organic&utm_campaign=cm_stores,,https://www.google.com/maps/place/Silver+City+Cabaret/data=!4m7!3m6!1s0x864e9c671f889107:0xf4f8b29e7d89a180!8m2!3d32.8201163!4d-96.8704946!16s%2Fg%2F1wnf1g8q!19sChIJB5GIH2ecToYRgKGJfZ6y-PQ?authuser=0&hl=en&rclk=1
Dave & Buster's San Antonio - Rivercenter,N/A,N/A,+1 210-951-3600,https://www.daveandbusters.com/us/en/about/locations/san-antonio-rivercenter,,https://www.google.com/maps/place/Dave+%26+Buster%27s+San+Antonio+-+Rivercenter/data=!4m7!3m6!1s0x865c58aa91580159:0x82fb468df5ffd0ca!8m2!3d29.42413!4d-98.48652!16s%2Fg%2F11bw77wh39!19sChIJWQFYkapYXIYRytD_9Y1G-4I?authuser=0&hl=en&rclk=1
Draught House Pub & Brewery,N/A,N/A,+1 512-452-6258,http://www.draughthouse.com/,user@domain.com,https://www.google.com/maps/place/Draught+House+Pub+%26+Brewery/data=!4m7!3m6!1s0x8644ca88118ebfa9:0x2c19c1d50d32775!8m2!3d30.3110705!4d-97.7428734!16s%2Fg%2F1tm2b1lb!19sChIJqb-OEYjKRIYRdSfTUB2cwQI?authuser=0&hl=en&rclk=1
The Gin and Granary,N/A,N/A,+1 512-452-6258,http://www.draughthouse.com/,user@domain.com,https://www.google.com/maps/place/The+Gin+and+Granary/data=!4m7!3m6!1s0x8657f28d45d3cc1d:0xb2b8146764fc03c2!8m2!3d31.3745508!4d-100.303148!16s%2Fg%2F125_ylxbf!19sChIJHczTRY3yV4YRwgP8ZGcUuLI?authuser=0&hl=en&rclk=1
Chattar Pattar -india street food,N/A,N/A,+1 512-662-4321,N/A,N/A,https://www.google.com/maps/place/Chattar+Pattar+-india+street+food/data=!4m7!3m6!1s0x865b330472547733:0x933781dd39dd889d!8m2!3d30.475655!4d-97.793542!16s%2Fg%2F11wtx78_9d!19sChIJM3dUcgQzW4YRnYjdOd2BN5M?authuser=0&hl=en&rclk=1
Love's Travel Stop,N/A,N/A,+1 512-662-4321,https://chattarpattaraustin.com/chattarpattarchaatkachaskaaa2-parkway?utm_source=google,,https://www.google.com/maps/place/Love%27s+Travel+Stop/data=!4m7!3m6!1s0x8652df9375d3aaeb:0xce2b1ff4a65b6b7!8m2!3d33.8866633!4d-98.4688832!16s%2Fg%2F1w9y1j0h!19sChIJ66rTdZPfUoYRt7ZlSv-x4gw?authuser=0&hl=en&rclk=1
Wayne's Wings #2,N/A,N/A,+1 512-662-4321,https://chattarpattaraustin.com/chattarpattarchaatkachaskaaa2-parkway?utm_source=google,,https://www.google.com/maps/place/Wayne%27s+Wings+%232/data=!4m7!3m6!1s0x865c69eeb508a399:0xbb636e547852cecd!8m2!3d29.5522745!4d-98.6631956!16s%2Fg%2F11qzxjs86s!19sChIJmaMIte5pXIYRzc5SeFRuY7s?authuser=0&hl=en&rclk=1
Chili's Grill & Bar,N/A,N/A,+1 210-667-4057,http://wayneswingssa.com/,,https://www.google.com/maps/place/Chili%27s+Grill+%26+Bar/data=!4m7!3m6!1s0x86fbcf2685b1b59b:0x84bf23e070d5665f!8m2!3d31.89431!4d-102.332026!16s%2Fg%2F1v7pyy8x!19sChIJm7WxhSbP-4YRX2bVcOAjv4Q?authuser=0&hl=en&rclk=1
Dairy Queen Store,N/A,N/A,+1 432-550-3996,https://www.chilis.com/locations/us/texas/odessa/odessa?utm_source=google&utm_medium=local&utm_campaign=Chilis,"Mike.troupe@ecolab.com, Dave.Stockton@brinker.com, C00520@chilis.com, Jesse.Bergen@brinker.com, Scott.Amerault@brinker.com",https://www.google.com/maps/place/Dairy+Queen+Store/data=!4m7!3m6!1s0x8654f5dad2b88203:0x9bcb65c2e9d6e08c!8m2!3d33.4529836!4d-99.6218911!16s%2Fg%2F1tf71bqw!19sChIJA4K40tr1VIYRjODW6cJly5s?authuser=0&hl=en&rclk=1
